GEO.id,GEO.id2,GEO.display-label,HD01_VD01,HD02_VD01
Id,Id2,Geography,Estimate; Total,Margin of Error; Total
1400000US53033000100,53033000100,"Census Tract 1, King County, Washington",5784,544
1400000US53033000200,53033000200,"Census Tract 2, King County, Washington",7682,613
1400000US53033000300,53033000300,"Census Tract 3, King County, Washington",2548,214
1400000US53033000401,53033000401,"Census Tract 4.01, King County, Washington",5805,609
1400000US53033000402,53033000402,"Census Tract 4.02, King County, Washington",4662,338
1400000US53033000500,53033000500,"Census Tract 5, King County, Washington",3474,212
1400000US53033000600,53033000600,"Census Tract 6, King County, Washington",7235,593
1400000US53033000700,53033000700,"Census Tract 7, King County, Washington",4643,366
1400000US53033000800,53033000800,"Census Tract 8, King County, Washington",2986,329
1400000US53033000900,53033000900,"Census Tract 9, King County, Washington",2025,127
1400000US53033001000,53033001000,"Census Tract 10, King County, Washington",1702,277
1400000US53033001100,53033001100,"Census Tract 11, King County, Washington",2573,236
1400000US53033001200,53033001200,"Census Tract 12, King County, Washington",5753,367
1400000US53033001300,53033001300,"Census Tract 13, King County, Washington",4376,387
1400000US53033001400,53033001400,"Census Tract 14, King County, Washington",4799,516
1400000US53033001500,53033001500,"Census Tract 15, King County, Washington",2463,168
1400000US53033001600,53033001600,"Census Tract 16, King County, Washington",4271,228
1400000US53033001701,53033001701,"Census Tract 17.01, King County, Washington",3615,304
1400000US53033001702,53033001702,"Census Tract 17.02, King County, Washington",4782,759
1400000US53033001800,53033001800,"Census Tract 18, King County, Washington",4219,415
1400000US53033001900,53033001900,"Census Tract 19, King County, Washington",3622,203
1400000US53033002000,53033002000,"Census Tract 20, King County, Washington",3403,213
1400000US53033002100,53033002100,"Census Tract 21, King County, Washington",3482,235
1400000US53033002200,53033002200,"Census Tract 22, King County, Washington",5321,239
1400000US53033002400,53033002400,"Census Tract 24, King County, Washington",2859,190
1400000US53033002500,53033002500,"Census Tract 25, King County, Washington",2957,204
1400000US53033002600,53033002600,"Census Tract 26, King County, Washington",4456,228
1400000US53033002700,53033002700,"Census Tract 27, King County, Washington",4877,395
1400000US53033002800,53033002800,"Census Tract 28, King County, Washington",4008,346
1400000US53033002900,53033002900,"Census Tract 29, King County, Washington",4117,236
1400000US53033003000,53033003000,"Census Tract 30, King County, Washington",5578,268
1400000US53033003100,53033003100,"Census Tract 31, King County, Washington",6159,332
1400000US53033003200,53033003200,"Census Tract 32, King County, Washington",7178,369
1400000US53033003300,53033003300,"Census Tract 33, King County, Washington",6080,462
1400000US53033003400,53033003400,"Census Tract 34, King County, Washington",3334,256
1400000US53033003500,53033003500,"Census Tract 35, King County, Washington",3906,313
1400000US53033003600,53033003600,"Census Tract 36, King County, Washington",5198,357
1400000US53033003800,53033003800,"Census Tract 38, King County, Washington",1966,183
1400000US53033003900,53033003900,"Census Tract 39, King County, Washington",2852,182
1400000US53033004000,53033004000,"Census Tract 40, King County, Washington",2903,389
1400000US53033004100,53033004100,"Census Tract 41, King County, Washington",7992,386
1400000US53033004200,53033004200,"Census Tract 42, King County, Washington",7887,578
1400000US53033004301,53033004301,"Census Tract 43.01, King County, Washington",3845,429
1400000US53033004302,53033004302,"Census Tract 43.02, King County, Washington",3140,415
1400000US53033004400,53033004400,"Census Tract 44, King County, Washington",6387,1007
1400000US53033004500,53033004500,"Census Tract 45, King County, Washington",2782,281
1400000US53033004600,53033004600,"Census Tract 46, King County, Washington",3079,215
1400000US53033004700,53033004700,"Census Tract 47, King County, Washington",5764,435
1400000US53033004800,53033004800,"Census Tract 48, King County, Washington",4597,395
1400000US53033004900,53033004900,"Census Tract 49, King County, Washington",5736,371
1400000US53033005000,53033005000,"Census Tract 50, King County, Washington",4313,1541
1400000US53033005100,53033005100,"Census Tract 51, King County, Washington",3437,273
1400000US53033005200,53033005200,"Census Tract 52, King County, Washington",6347,708
1400000US53033005301,53033005301,"Census Tract 53.01, King County, Washington",7011,1010
1400000US53033005302,53033005302,"Census Tract 53.02, King County, Washington",5392,556
1400000US53033005400,53033005400,"Census Tract 54, King County, Washington",4238,391
1400000US53033005600,53033005600,"Census Tract 56, King County, Washington",6430,373
1400000US53033005700,53033005700,"Census Tract 57, King County, Washington",6388,426
1400000US53033005801,53033005801,"Census Tract 58.01, King County, Washington",4946,256
1400000US53033005802,53033005802,"Census Tract 58.02, King County, Washington",4411,384
1400000US53033005900,53033005900,"Census Tract 59, King County, Washington",7188,627
1400000US53033006000,53033006000,"Census Tract 60, King County, Washington",4750,444
1400000US53033006100,53033006100,"Census Tract 61, King County, Washington",4794,415
1400000US53033006200,53033006200,"Census Tract 62, King County, Washington",4195,312
1400000US53033006300,53033006300,"Census Tract 63, King County, Washington",5190,424
1400000US53033006400,53033006400,"Census Tract 64, King County, Washington",3322,265
1400000US53033006500,53033006500,"Census Tract 65, King County, Washington",3798,291
1400000US53033006600,53033006600,"Census Tract 66, King County, Washington",3070,244
1400000US53033006700,53033006700,"Census Tract 67, King County, Washington",6328,487
1400000US53033006800,53033006800,"Census Tract 68, King County, Washington",2652,203
1400000US53033006900,53033006900,"Census Tract 69, King County, Washington",3965,339
1400000US53033007000,53033007000,"Census Tract 70, King County, Washington",6993,502
1400000US53033007100,53033007100,"Census Tract 71, King County, Washington",2521,170
1400000US53033007200,53033007200,"Census Tract 72, King County, Washington",3867,325
1400000US53033007300,53033007300,"Census Tract 73, King County, Washington",3463,394
1400000US53033007401,53033007401,"Census Tract 74.01, King County, Washington",3823,316
1400000US53033007402,53033007402,"Census Tract 74.02, King County, Washington",5161,342
1400000US53033007500,53033007500,"Census Tract 75, King County, Washington",5947,310
1400000US53033007600,53033007600,"Census Tract 76, King County, Washington",3608,256
1400000US53033007700,53033007700,"Census Tract 77, King County, Washington",3947,327
1400000US53033007800,53033007800,"Census Tract 78, King County, Washington",5263,366
1400000US53033007900,53033007900,"Census Tract 79, King County, Washington",4997,517
1400000US53033008001,53033008001,"Census Tract 80.01, King County, Washington",5003,477
1400000US53033008002,53033008002,"Census Tract 80.02, King County, Washington",2731,228
1400000US53033008100,53033008100,"Census Tract 81, King County, Washington",4399,1129
1400000US53033008200,53033008200,"Census Tract 82, King County, Washington",2844,512
1400000US53033008300,53033008300,"Census Tract 83, King County, Washington",2397,268
1400000US53033008400,53033008400,"Census Tract 84, King County, Washington",4035,319
1400000US53033008500,53033008500,"Census Tract 85, King County, Washington",3890,290
1400000US53033008600,53033008600,"Census Tract 86, King County, Washington",5371,1648
1400000US53033008700,53033008700,"Census Tract 87, King County, Washington",4058,455
1400000US53033008800,53033008800,"Census Tract 88, King County, Washington",3393,324
1400000US53033008900,53033008900,"Census Tract 89, King County, Washington",5312,654
1400000US53033009000,53033009000,"Census Tract 90, King County, Washington",2327,304
1400000US53033009100,53033009100,"Census Tract 91, King County, Washington",2319,341
1400000US53033009200,53033009200,"Census Tract 92, King County, Washington",2187,246
1400000US53033009300,53033009300,"Census Tract 93, King County, Washington",2007,287
1400000US53033009400,53033009400,"Census Tract 94, King County, Washington",5458,582
1400000US53033009500,53033009500,"Census Tract 95, King County, Washington",5638,404
1400000US53033009600,53033009600,"Census Tract 96, King County, Washington",5714,551
1400000US53033009701,53033009701,"Census Tract 97.01, King County, Washington",5622,347
1400000US53033009702,53033009702,"Census Tract 97.02, King County, Washington",5186,238
1400000US53033009800,53033009800,"Census Tract 98, King County, Washington",6127,274
1400000US53033009900,53033009900,"Census Tract 99, King County, Washington",5091,486
1400000US53033010001,53033010001,"Census Tract 100.01, King County, Washington",3781,462
1400000US53033010002,53033010002,"Census Tract 100.02, King County, Washington",4238,376
1400000US53033010100,53033010100,"Census Tract 101, King County, Washington",6225,652
1400000US53033010200,53033010200,"Census Tract 102, King County, Washington",4825,274
1400000US53033010300,53033010300,"Census Tract 103, King County, Washington",6047,642
1400000US53033010401,53033010401,"Census Tract 104.01, King County, Washington",4516,425
1400000US53033010402,53033010402,"Census Tract 104.02, King County, Washington",4454,386
1400000US53033010500,53033010500,"Census Tract 105, King County, Washington",6424,579
1400000US53033010600,53033010600,"Census Tract 106, King County, Washington",7087,569
1400000US53033010701,53033010701,"Census Tract 107.01, King County, Washington",2622,288
1400000US53033010702,53033010702,"Census Tract 107.02, King County, Washington",2620,289
1400000US53033010800,53033010800,"Census Tract 108, King County, Washington",4683,271
1400000US53033010900,53033010900,"Census Tract 109, King County, Washington",1339,122
1400000US53033011001,53033011001,"Census Tract 110.01, King County, Washington",4148,544
1400000US53033011002,53033011002,"Census Tract 110.02, King County, Washington",3774,418
1400000US53033011101,53033011101,"Census Tract 111.01, King County, Washington",4162,395
1400000US53033011102,53033011102,"Census Tract 111.02, King County, Washington",4205,604
1400000US53033011200,53033011200,"Census Tract 112, King County, Washington",4102,570
1400000US53033011300,53033011300,"Census Tract 113, King County, Washington",5527,426
1400000US53033011401,53033011401,"Census Tract 114.01, King County, Washington",3919,431
1400000US53033011402,53033011402,"Census Tract 114.02, King County, Washington",4193,454
1400000US53033011500,53033011500,"Census Tract 115, King County, Washington",4152,220
1400000US53033011600,53033011600,"Census Tract 116, King County, Washington",6304,406
1400000US53033011700,53033011700,"Census Tract 117, King County, Washington",6708,766
1400000US53033011800,53033011800,"Census Tract 118, King County, Washington",7600,922
1400000US53033011900,53033011900,"Census Tract 119, King County, Washington",7563,672
1400000US53033012000,53033012000,"Census Tract 120, King County, Washington",3632,217
1400000US53033012100,53033012100,"Census Tract 121, King County, Washington",2565,250
1400000US53033020100,53033020100,"Census Tract 201, King County, Washington",3361,237
1400000US53033020200,53033020200,"Census Tract 202, King County, Washington",5736,460
1400000US53033020300,53033020300,"Census Tract 203, King County, Washington",5642,355
1400000US53033020401,53033020401,"Census Tract 204.01, King County, Washington",3297,213
1400000US53033020402,53033020402,"Census Tract 204.02, King County, Washington",5168,696
1400000US53033020500,53033020500,"Census Tract 205, King County, Washington",6016,478
1400000US53033020600,53033020600,"Census Tract 206, King County, Washington",4036,430
1400000US53033020700,53033020700,"Census Tract 207, King County, Washington",3668,348
1400000US53033020800,53033020800,"Census Tract 208, King County, Washington",4187,288
1400000US53033020900,53033020900,"Census Tract 209, King County, Washington",3228,410
1400000US53033021000,53033021000,"Census Tract 210, King County, Washington",5564,508
1400000US53033021100,53033021100,"Census Tract 211, King County, Washington",3965,254
1400000US53033021300,53033021300,"Census Tract 213, King County, Washington",3861,270
1400000US53033021400,53033021400,"Census Tract 214, King County, Washington",3748,194
1400000US53033021500,53033021500,"Census Tract 215, King County, Washington",4455,259
1400000US53033021600,53033021600,"Census Tract 216, King County, Washington",4852,315
1400000US53033021700,53033021700,"Census Tract 217, King County, Washington",7184,454
1400000US53033021802,53033021802,"Census Tract 218.02, King County, Washington",5156,270
1400000US53033021803,53033021803,"Census Tract 218.03, King County, Washington",4436,292
1400000US53033021804,53033021804,"Census Tract 218.04, King County, Washington",4018,297
1400000US53033021903,53033021903,"Census Tract 219.03, King County, Washington",5906,374
1400000US53033021904,53033021904,"Census Tract 219.04, King County, Washington",5423,490
1400000US53033021905,53033021905,"Census Tract 219.05, King County, Washington",4879,288
1400000US53033021906,53033021906,"Census Tract 219.06, King County, Washington",3986,272
1400000US53033022001,53033022001,"Census Tract 220.01, King County, Washington",4500,412
1400000US53033022003,53033022003,"Census Tract 220.03, King County, Washington",5655,560
1400000US53033022005,53033022005,"Census Tract 220.05, King County, Washington",4670,442
1400000US53033022006,53033022006,"Census Tract 220.06, King County, Washington",3437,296
1400000US53033022101,53033022101,"Census Tract 221.01, King County, Washington",4456,299
1400000US53033022102,53033022102,"Census Tract 221.02, King County, Washington",5479,305
1400000US53033022201,53033022201,"Census Tract 222.01, King County, Washington",3933,222
1400000US53033022202,53033022202,"Census Tract 222.02, King County, Washington",7144,415
1400000US53033022203,53033022203,"Census Tract 222.03, King County, Washington",4743,229
1400000US53033022300,53033022300,"Census Tract 223, King County, Washington",2857,206
1400000US53033022400,53033022400,"Census Tract 224, King County, Washington",7222,515
1400000US53033022500,53033022500,"Census Tract 225, King County, Washington",7507,410
1400000US53033022603,53033022603,"Census Tract 226.03, King County, Washington",5163,415
1400000US53033022604,53033022604,"Census Tract 226.04, King County, Washington",4122,485
1400000US53033022605,53033022605,"Census Tract 226.05, King County, Washington",5492,501
1400000US53033022606,53033022606,"Census Tract 226.06, King County, Washington",5093,246
1400000US53033022701,53033022701,"Census Tract 227.01, King County, Washington",2591,215
1400000US53033022702,53033022702,"Census Tract 227.02, King County, Washington",3596,302
1400000US53033022703,53033022703,"Census Tract 227.03, King County, Washington",2368,260
1400000US53033022801,53033022801,"Census Tract 228.01, King County, Washington",8992,429
1400000US53033022802,53033022802,"Census Tract 228.02, King County, Washington",4800,250
1400000US53033022803,53033022803,"Census Tract 228.03, King County, Washington",5450,649
1400000US53033022901,53033022901,"Census Tract 229.01, King County, Washington",3256,417
1400000US53033022902,53033022902,"Census Tract 229.02, King County, Washington",5990,377
1400000US53033023000,53033023000,"Census Tract 230, King County, Washington",5242,340
1400000US53033023100,53033023100,"Census Tract 231, King County, Washington",3782,308
1400000US53033023201,53033023201,"Census Tract 232.01, King County, Washington",5886,495
1400000US53033023202,53033023202,"Census Tract 232.02, King County, Washington",4370,412
1400000US53033023300,53033023300,"Census Tract 233, King County, Washington",5884,437
1400000US53033023401,53033023401,"Census Tract 234.01, King County, Washington",3144,253
1400000US53033023403,53033023403,"Census Tract 234.03, King County, Washington",3801,283
1400000US53033023404,53033023404,"Census Tract 234.04, King County, Washington",3276,231
1400000US53033023500,53033023500,"Census Tract 235, King County, Washington",3470,272
1400000US53033023601,53033023601,"Census Tract 236.01, King County, Washington",3395,334
1400000US53033023603,53033023603,"Census Tract 236.03, King County, Washington",6227,474
1400000US53033023604,53033023604,"Census Tract 236.04, King County, Washington",5743,382
1400000US53033023700,53033023700,"Census Tract 237, King County, Washington",3980,309
1400000US53033023801,53033023801,"Census Tract 238.01, King County, Washington",2665,248
1400000US53033023803,53033023803,"Census Tract 238.03, King County, Washington",2197,264
1400000US53033023804,53033023804,"Census Tract 238.04, King County, Washington",3073,276
1400000US53033023900,53033023900,"Census Tract 239, King County, Washington",6563,301
1400000US53033024000,53033024000,"Census Tract 240, King County, Washington",6934,566
1400000US53033024100,53033024100,"Census Tract 241, King County, Washington",4230,123
1400000US53033024200,53033024200,"Census Tract 242, King County, Washington",2947,18
1400000US53033024300,53033024300,"Census Tract 243, King County, Washington",6420,336
1400000US53033024400,53033024400,"Census Tract 244, King County, Washington",3196,277
1400000US53033024500,53033024500,"Census Tract 245, King County, Washington",4794,227
1400000US53033024601,53033024601,"Census Tract 246.01, King County, Washington",4295,182
1400000US53033024602,53033024602,"Census Tract 246.02, King County, Washington",3671,138
1400000US53033024701,53033024701,"Census Tract 247.01, King County, Washington",3283,185
1400000US53033024702,53033024702,"Census Tract 247.02, King County, Washington",6646,406
1400000US53033024800,53033024800,"Census Tract 248, King County, Washington",5975,428
1400000US53033024901,53033024901,"Census Tract 249.01, King County, Washington",5324,310
1400000US53033024902,53033024902,"Census Tract 249.02, King County, Washington",4011,295
1400000US53033024903,53033024903,"Census Tract 249.03, King County, Washington",6713,377
1400000US53033025001,53033025001,"Census Tract 250.01, King County, Washington",4491,280
1400000US53033025003,53033025003,"Census Tract 250.03, King County, Washington",7000,560
1400000US53033025005,53033025005,"Census Tract 250.05, King County, Washington",4426,352
1400000US53033025006,53033025006,"Census Tract 250.06, King County, Washington",4915,488
1400000US53033025101,53033025101,"Census Tract 251.01, King County, Washington",5693,469
1400000US53033025102,53033025102,"Census Tract 251.02, King County, Washington",6770,644
1400000US53033025200,53033025200,"Census Tract 252, King County, Washington",8130,710
1400000US53033025301,53033025301,"Census Tract 253.01, King County, Washington",3901,402
1400000US53033025302,53033025302,"Census Tract 253.02, King County, Washington",4201,565
1400000US53033025400,53033025400,"Census Tract 254, King County, Washington",6472,540
1400000US53033025500,53033025500,"Census Tract 255, King County, Washington",5052,504
1400000US53033025601,53033025601,"Census Tract 256.01, King County, Washington",4750,308
1400000US53033025602,53033025602,"Census Tract 256.02, King County, Washington",5457,380
1400000US53033025701,53033025701,"Census Tract 257.01, King County, Washington",5757,554
1400000US53033025702,53033025702,"Census Tract 257.02, King County, Washington",3399,468
1400000US53033025803,53033025803,"Census Tract 258.03, King County, Washington",4824,580
1400000US53033025804,53033025804,"Census Tract 258.04, King County, Washington",3676,336
1400000US53033025805,53033025805,"Census Tract 258.05, King County, Washington",4473,376
1400000US53033025806,53033025806,"Census Tract 258.06, King County, Washington",4422,391
1400000US53033026001,53033026001,"Census Tract 260.01, King County, Washington",5008,518
1400000US53033026002,53033026002,"Census Tract 260.02, King County, Washington",7564,770
1400000US53033026100,53033026100,"Census Tract 261, King County, Washington",6015,645
1400000US53033026200,53033026200,"Census Tract 262, King County, Washington",5462,517
1400000US53033026300,53033026300,"Census Tract 263, King County, Washington",1320,192
1400000US53033026400,53033026400,"Census Tract 264, King County, Washington",6811,2324
1400000US53033026500,53033026500,"Census Tract 265, King County, Washington",2905,306
1400000US53033026600,53033026600,"Census Tract 266, King County, Washington",2371,276
1400000US53033026700,53033026700,"Census Tract 267, King County, Washington",5543,513
1400000US53033026801,53033026801,"Census Tract 268.01, King County, Washington",4517,489
1400000US53033026802,53033026802,"Census Tract 268.02, King County, Washington",4754,377
1400000US53033027000,53033027000,"Census Tract 270, King County, Washington",2864,273
1400000US53033027100,53033027100,"Census Tract 271, King County, Washington",3757,901
1400000US53033027200,53033027200,"Census Tract 272, King County, Washington",2080,245
1400000US53033027300,53033027300,"Census Tract 273, King County, Washington",6307,491
1400000US53033027400,53033027400,"Census Tract 274, King County, Washington",4815,569
1400000US53033027500,53033027500,"Census Tract 275, King County, Washington",4428,402
1400000US53033027600,53033027600,"Census Tract 276, King County, Washington",4308,498
1400000US53033027701,53033027701,"Census Tract 277.01, King County, Washington",5044,552
1400000US53033027702,53033027702,"Census Tract 277.02, King County, Washington",4883,421
1400000US53033027800,53033027800,"Census Tract 278, King County, Washington",3336,261
1400000US53033027900,53033027900,"Census Tract 279, King County, Washington",6148,400
1400000US53033028000,53033028000,"Census Tract 280, King County, Washington",3848,513
1400000US53033028100,53033028100,"Census Tract 281, King County, Washington",2215,378
1400000US53033028200,53033028200,"Census Tract 282, King County, Washington",4108,388
1400000US53033028300,53033028300,"Census Tract 283, King County, Washington",4084,418
1400000US53033028402,53033028402,"Census Tract 284.02, King County, Washington",4579,459
1400000US53033028403,53033028403,"Census Tract 284.03, King County, Washington",4993,611
1400000US53033028500,53033028500,"Census Tract 285, King County, Washington",3616,261
1400000US53033028600,53033028600,"Census Tract 286, King County, Washington",6134,219
1400000US53033028700,53033028700,"Census Tract 287, King County, Washington",5269,475
1400000US53033028801,53033028801,"Census Tract 288.01, King County, Washington",3705,499
1400000US53033028802,53033028802,"Census Tract 288.02, King County, Washington",5917,699
1400000US53033028901,53033028901,"Census Tract 289.01, King County, Washington",2973,251
1400000US53033028902,53033028902,"Census Tract 289.02, King County, Washington",6061,647
1400000US53033029001,53033029001,"Census Tract 290.01, King County, Washington",4757,847
1400000US53033029003,53033029003,"Census Tract 290.03, King County, Washington",5811,699
1400000US53033029004,53033029004,"Census Tract 290.04, King County, Washington",4438,566
1400000US53033029101,53033029101,"Census Tract 291.01, King County, Washington",2977,343
1400000US53033029102,53033029102,"Census Tract 291.02, King County, Washington",3725,316
1400000US53033029203,53033029203,"Census Tract 292.03, King County, Washington",2575,391
1400000US53033029204,53033029204,"Census Tract 292.04, King County, Washington",6662,737
1400000US53033029205,53033029205,"Census Tract 292.05, King County, Washington",4588,464
1400000US53033029206,53033029206,"Census Tract 292.06, King County, Washington",4320,450
1400000US53033029303,53033029303,"Census Tract 293.03, King County, Washington",6756,506
1400000US53033029304,53033029304,"Census Tract 293.04, King County, Washington",4492,298
1400000US53033029305,53033029305,"Census Tract 293.05, King County, Washington",3973,329
1400000US53033029306,53033029306,"Census Tract 293.06, King County, Washington",2919,203
1400000US53033029307,53033029307,"Census Tract 293.07, King County, Washington",3760,386
1400000US53033029403,53033029403,"Census Tract 294.03, King County, Washington",5374,401
1400000US53033029405,53033029405,"Census Tract 294.05, King County, Washington",5858,421
1400000US53033029406,53033029406,"Census Tract 294.06, King County, Washington",4780,423
1400000US53033029407,53033029407,"Census Tract 294.07, King County, Washington",4679,413
1400000US53033029408,53033029408,"Census Tract 294.08, King County, Washington",4659,509
1400000US53033029502,53033029502,"Census Tract 295.02, King County, Washington",6094,493
1400000US53033029503,53033029503,"Census Tract 295.03, King County, Washington",7948,642
1400000US53033029504,53033029504,"Census Tract 295.04, King County, Washington",5054,435
1400000US53033029601,53033029601,"Census Tract 296.01, King County, Washington",7071,518
1400000US53033029602,53033029602,"Census Tract 296.02, King County, Washington",5289,304
1400000US53033029700,53033029700,"Census Tract 297, King County, Washington",7328,617
1400000US53033029801,53033029801,"Census Tract 298.01, King County, Washington",7109,430
1400000US53033029802,53033029802,"Census Tract 298.02, King County, Washington",8427,434
1400000US53033029901,53033029901,"Census Tract 299.01, King County, Washington",4589,389
1400000US53033029902,53033029902,"Census Tract 299.02, King County, Washington",4214,276
1400000US53033030003,53033030003,"Census Tract 300.03, King County, Washington",6119,474
1400000US53033030004,53033030004,"Census Tract 300.04, King County, Washington",7412,616
1400000US53033030005,53033030005,"Census Tract 300.05, King County, Washington",5008,433
1400000US53033030006,53033030006,"Census Tract 300.06, King County, Washington",3625,422
1400000US53033030100,53033030100,"Census Tract 301, King County, Washington",6743,774
1400000US53033030201,53033030201,"Census Tract 302.01, King County, Washington",5524,429
1400000US53033030202,53033030202,"Census Tract 302.02, King County, Washington",5774,592
1400000US53033030304,53033030304,"Census Tract 303.04, King County, Washington",3345,297
1400000US53033030305,53033030305,"Census Tract 303.05, King County, Washington",4855,314
1400000US53033030306,53033030306,"Census Tract 303.06, King County, Washington",5856,310
1400000US53033030308,53033030308,"Census Tract 303.08, King County, Washington",6764,498
1400000US53033030309,53033030309,"Census Tract 303.09, King County, Washington",5390,439
1400000US53033030310,53033030310,"Census Tract 303.10, King County, Washington",5642,422
1400000US53033030311,53033030311,"Census Tract 303.11, King County, Washington",5134,468
1400000US53033030312,53033030312,"Census Tract 303.12, King County, Washington",4701,229
1400000US53033030313,53033030313,"Census Tract 303.13, King County, Washington",3372,336
1400000US53033030314,53033030314,"Census Tract 303.14, King County, Washington",4224,476
1400000US53033030401,53033030401,"Census Tract 304.01, King County, Washington",7477,476
1400000US53033030403,53033030403,"Census Tract 304.03, King County, Washington",4353,322
1400000US53033030404,53033030404,"Census Tract 304.04, King County, Washington",4119,332
1400000US53033030501,53033030501,"Census Tract 305.01, King County, Washington",1690,336
1400000US53033030503,53033030503,"Census Tract 305.03, King County, Washington",3428,391
1400000US53033030504,53033030504,"Census Tract 305.04, King County, Washington",4408,522
1400000US53033030600,53033030600,"Census Tract 306, King County, Washington",5140,297
1400000US53033030700,53033030700,"Census Tract 307, King County, Washington",3783,506
1400000US53033030801,53033030801,"Census Tract 308.01, King County, Washington",6421,551
1400000US53033030802,53033030802,"Census Tract 308.02, King County, Washington",3914,331
1400000US53033030901,53033030901,"Census Tract 309.01, King County, Washington",3628,197
1400000US53033030902,53033030902,"Census Tract 309.02, King County, Washington",5241,204
1400000US53033031000,53033031000,"Census Tract 310, King County, Washington",3353,258
1400000US53033031100,53033031100,"Census Tract 311, King County, Washington",6994,605
1400000US53033031202,53033031202,"Census Tract 312.02, King County, Washington",5942,434
1400000US53033031204,53033031204,"Census Tract 312.04, King County, Washington",6624,597
1400000US53033031205,53033031205,"Census Tract 312.05, King County, Washington",6200,365
1400000US53033031206,53033031206,"Census Tract 312.06, King County, Washington",4601,372
1400000US53033031301,53033031301,"Census Tract 313.01, King County, Washington",2336,251
1400000US53033031302,53033031302,"Census Tract 313.02, King County, Washington",4907,288
1400000US53033031400,53033031400,"Census Tract 314, King County, Washington",5788,268
1400000US53033031501,53033031501,"Census Tract 315.01, King County, Washington",3694,338
1400000US53033031502,53033031502,"Census Tract 315.02, King County, Washington",3644,206
1400000US53033031601,53033031601,"Census Tract 316.01, King County, Washington",4559,322
1400000US53033031603,53033031603,"Census Tract 316.03, King County, Washington",5290,391
1400000US53033031604,53033031604,"Census Tract 316.04, King County, Washington",4334,270
1400000US53033031605,53033031605,"Census Tract 316.05, King County, Washington",3429,325
1400000US53033031703,53033031703,"Census Tract 317.03, King County, Washington",5642,362
1400000US53033031704,53033031704,"Census Tract 317.04, King County, Washington",4862,361
1400000US53033031705,53033031705,"Census Tract 317.05, King County, Washington",3577,283
1400000US53033031706,53033031706,"Census Tract 317.06, King County, Washington",5796,279
1400000US53033031800,53033031800,"Census Tract 318, King County, Washington",4350,364
1400000US53033031903,53033031903,"Census Tract 319.03, King County, Washington",6164,318
1400000US53033031904,53033031904,"Census Tract 319.04, King County, Washington",3133,153
1400000US53033031906,53033031906,"Census Tract 319.06, King County, Washington",3525,179
1400000US53033031907,53033031907,"Census Tract 319.07, King County, Washington",7181,463
1400000US53033031908,53033031908,"Census Tract 319.08, King County, Washington",4314,403
1400000US53033031909,53033031909,"Census Tract 319.09, King County, Washington",3299,242
1400000US53033032002,53033032002,"Census Tract 320.02, King County, Washington",2922,324
1400000US53033032003,53033032003,"Census Tract 320.03, King County, Washington",4704,270
1400000US53033032005,53033032005,"Census Tract 320.05, King County, Washington",6691,366
1400000US53033032006,53033032006,"Census Tract 320.06, King County, Washington",4296,267
1400000US53033032007,53033032007,"Census Tract 320.07, King County, Washington",3193,275
1400000US53033032008,53033032008,"Census Tract 320.08, King County, Washington",3961,307
1400000US53033032010,53033032010,"Census Tract 320.10, King County, Washington",4735,221
1400000US53033032011,53033032011,"Census Tract 320.11, King County, Washington",3697,202
1400000US53033032102,53033032102,"Census Tract 321.02, King County, Washington",4574,344
1400000US53033032103,53033032103,"Census Tract 321.03, King County, Washington",4414,369
1400000US53033032104,53033032104,"Census Tract 321.04, King County, Washington",6091,379
1400000US53033032203,53033032203,"Census Tract 322.03, King County, Washington",6172,288
1400000US53033032207,53033032207,"Census Tract 322.07, King County, Washington",3291,172
1400000US53033032208,53033032208,"Census Tract 322.08, King County, Washington",7353,458
1400000US53033032210,53033032210,"Census Tract 322.10, King County, Washington",8195,557
1400000US53033032211,53033032211,"Census Tract 322.11, King County, Washington",4992,216
1400000US53033032212,53033032212,"Census Tract 322.12, King County, Washington",8481,490
1400000US53033032213,53033032213,"Census Tract 322.13, King County, Washington",4399,259
1400000US53033032214,53033032214,"Census Tract 322.14, King County, Washington",6040,254
1400000US53033032215,53033032215,"Census Tract 322.15, King County, Washington",4177,350
1400000US53033032307,53033032307,"Census Tract 323.07, King County, Washington",6069,354
1400000US53033032309,53033032309,"Census Tract 323.09, King County, Washington",4007,429
1400000US53033032311,53033032311,"Census Tract 323.11, King County, Washington",6014,326
1400000US53033032313,53033032313,"Census Tract 323.13, King County, Washington",6204,595
1400000US53033032315,53033032315,"Census Tract 323.15, King County, Washington",5300,299
1400000US53033032316,53033032316,"Census Tract 323.16, King County, Washington",5232,192
1400000US53033032317,53033032317,"Census Tract 323.17, King County, Washington",5700,428
1400000US53033032318,53033032318,"Census Tract 323.18, King County, Washington",5313,231
1400000US53033032319,53033032319,"Census Tract 323.19, King County, Washington",4523,314
1400000US53033032320,53033032320,"Census Tract 323.20, King County, Washington",3997,284
1400000US53033032321,53033032321,"Census Tract 323.21, King County, Washington",4503,271
1400000US53033032322,53033032322,"Census Tract 323.22, King County, Washington",3482,286
1400000US53033032323,53033032323,"Census Tract 323.23, King County, Washington",5257,270
1400000US53033032324,53033032324,"Census Tract 323.24, King County, Washington",4973,301
1400000US53033032325,53033032325,"Census Tract 323.25, King County, Washington",5685,413
1400000US53033032326,53033032326,"Census Tract 323.26, King County, Washington",3531,353
1400000US53033032327,53033032327,"Census Tract 323.27, King County, Washington",3468,169
1400000US53033032328,53033032328,"Census Tract 323.28, King County, Washington",3125,176
1400000US53033032329,53033032329,"Census Tract 323.29, King County, Washington",6239,320
1400000US53033032401,53033032401,"Census Tract 324.01, King County, Washington",5660,391
1400000US53033032402,53033032402,"Census Tract 324.02, King County, Washington",5462,403
1400000US53033032500,53033032500,"Census Tract 325, King County, Washington",4908,362
1400000US53033032601,53033032601,"Census Tract 326.01, King County, Washington",2996,301
1400000US53033032602,53033032602,"Census Tract 326.02, King County, Washington",9870,673
1400000US53033032702,53033032702,"Census Tract 327.02, King County, Washington",6141,348
1400000US53033032703,53033032703,"Census Tract 327.03, King County, Washington",1887,249
1400000US53033032704,53033032704,"Census Tract 327.04, King County, Washington",5932,527
1400000US53033032800,53033032800,"Census Tract 328, King County, Washington",2362,265
1400000US53033990100,53033990100,"Census Tract 9901, King County, Washington",0,123
